{
    "firstMeaningfulPaint": 1172.1899998188019,
    "firstPaint": 83.90000009536743,
    "firstContentfulPaint": 1172.200000166893,
    "responseEnd": 51,
    "domInteractive": 60.5,
    "domContentLoadedEventEnd": 1043,
    "loadEventEnd": 1043.5
}