{
    "firstMeaningfulPaint": 1172.8830001354218,
    "firstPaint": 55.59999990463257,
    "firstContentfulPaint": 1172.8500000238419,
    "responseEnd": 27.5,
    "domInteractive": 39.5,
    "domContentLoadedEventEnd": 1055,
    "loadEventEnd": 1055
}